path,group,y,cnn_prob
/Users/ashfaaqkt/Library/CloudStorage/OneDrive-Personal/Dev/BITS/Final Project/Bill Scanning Based Reward Intelligence System Team ARAJ/dataset/normalized/Receipt 11_tampered.jpg,receipt 11,1,0.98671
/Users/ashfaaqkt/Library/CloudStorage/OneDrive-Personal/Dev/BITS/Final Project/Bill Scanning Based Reward Intelligence System Team ARAJ/dataset/normalized/Receipt 18_tampered.jpg,receipt 18,1,0.777923
/Users/ashfaaqkt/Library/CloudStorage/OneDrive-Personal/Dev/BITS/Final Project/Bill Scanning Based Reward Intelligence System Team ARAJ/dataset/normalized/Receipt 28_tampered.jpg,receipt 28,1,0.838894
/Users/ashfaaqkt/Library/CloudStorage/OneDrive-Personal/Dev/BITS/Final Project/Bill Scanning Based Reward Intelligence System Team ARAJ/dataset/normalized/Receipt 31_tampered.jpg,receipt 31,1,0.98877
/Users/ashfaaqkt/Library/CloudStorage/OneDrive-Personal/Dev/BITS/Final Project/Bill Scanning Based Reward Intelligence System Team ARAJ/dataset/normalized/Receipt 32_tampered.jpg,receipt 32,1,0.776704
/Users/ashfaaqkt/Library/CloudStorage/OneDrive-Personal/Dev/BITS/Final Project/Bill Scanning Based Reward Intelligence System Team ARAJ/dataset/normalized/Receipt 46_tampered.jpg,receipt 46,1,0.946854
/Users/ashfaaqkt/Library/CloudStorage/OneDrive-Personal/Dev/BITS/Final Project/Bill Scanning Based Reward Intelligence System Team ARAJ/dataset/normalized/Receipt 49_tampered.jpg,receipt 49,1,0.990121
/Users/ashfaaqkt/Library/CloudStorage/OneDrive-Personal/Dev/BITS/Final Project/Bill Scanning Based Reward Intelligence System Team ARAJ/dataset/normalized/Receipt 7_tampered.jpg,receipt 7,1,0.994231
/Users/ashfaaqkt/Library/CloudStorage/OneDrive-Personal/Dev/BITS/Final Project/Bill Scanning Based Reward Intelligence System Team ARAJ/dataset/normalized/Receipt(1) 2_tampered.jpg,receipt(1) 2,1,0.075853
/Users/ashfaaqkt/Library/CloudStorage/OneDrive-Personal/Dev/BITS/Final Project/Bill Scanning Based Reward Intelligence System Team ARAJ/dataset/normalized/Receipt 11_tampered_v2.jpg,receipt 11,1,0.984451
/Users/ashfaaqkt/Library/CloudStorage/OneDrive-Personal/Dev/BITS/Final Project/Bill Scanning Based Reward Intelligence System Team ARAJ/dataset/normalized/Receipt 12_tampered_v2.jpg,receipt 12,1,0.914103
/Users/ashfaaqkt/Library/CloudStorage/OneDrive-Personal/Dev/BITS/Final Project/Bill Scanning Based Reward Intelligence System Team ARAJ/dataset/normalized/Receipt 18_tampered_v2.jpg,receipt 18,1,0.809208
/Users/ashfaaqkt/Library/CloudStorage/OneDrive-Personal/Dev/BITS/Final Project/Bill Scanning Based Reward Intelligence System Team ARAJ/dataset/normalized/Receipt 31_tampered_v2.jpg,receipt 31,1,0.976831
/Users/ashfaaqkt/Library/CloudStorage/OneDrive-Personal/Dev/BITS/Final Project/Bill Scanning Based Reward Intelligence System Team ARAJ/dataset/normalized/Receipt 32_tampered_v2.jpg,receipt 32,1,0.86187
/Users/ashfaaqkt/Library/CloudStorage/OneDrive-Personal/Dev/BITS/Final Project/Bill Scanning Based Reward Intelligence System Team ARAJ/dataset/normalized/Receipt 38_tampered_v2.jpg,receipt 38,1,0.82121
/Users/ashfaaqkt/Library/CloudStorage/OneDrive-Personal/Dev/BITS/Final Project/Bill Scanning Based Reward Intelligence System Team ARAJ/dataset/normalized/Receipt 49_tampered_v2.jpg,receipt 49,1,0.972247
/Users/ashfaaqkt/Library/CloudStorage/OneDrive-Personal/Dev/BITS/Final Project/Bill Scanning Based Reward Intelligence System Team ARAJ/dataset/normalized/Receipt 7_tampered_v2.jpg,receipt 7,1,0.990795
/Users/ashfaaqkt/Library/CloudStorage/OneDrive-Personal/Dev/BITS/Final Project/Bill Scanning Based Reward Intelligence System Team ARAJ/dataset/normalized/Receipt(1) 2_tampered_v2.jpg,receipt(1) 2,1,0.085208
/Users/ashfaaqkt/Library/CloudStorage/OneDrive-Personal/Dev/BITS/Final Project/Bill Scanning Based Reward Intelligence System Team ARAJ/dataset/normalized/Receipt 7.jpg,receipt 7,1,0.991789
/Users/ashfaaqkt/Library/CloudStorage/OneDrive-Personal/Dev/BITS/Final Project/Bill Scanning Based Reward Intelligence System Team ARAJ/dataset/normalized/Receipt 11.jpg,receipt 11,1,0.983635
/Users/ashfaaqkt/Library/CloudStorage/OneDrive-Personal/Dev/BITS/Final Project/Bill Scanning Based Reward Intelligence System Team ARAJ/dataset/normalized/Receipt 12.jpg,receipt 12,1,0.931189
/Users/ashfaaqkt/Library/CloudStorage/OneDrive-Personal/Dev/BITS/Final Project/Bill Scanning Based Reward Intelligence System Team ARAJ/dataset/normalized/Receipt 28.jpg,receipt 28,0,0.725366
/Users/ashfaaqkt/Library/CloudStorage/OneDrive-Personal/Dev/BITS/Final Project/Bill Scanning Based Reward Intelligence System Team ARAJ/dataset/normalized/Receipt 38.jpg,receipt 38,0,0.772662
/Users/ashfaaqkt/Library/CloudStorage/OneDrive-Personal/Dev/BITS/Final Project/Bill Scanning Based Reward Intelligence System Team ARAJ/dataset/normalized/Receipt 46.jpg,receipt 46,0,0.941436
/Users/ashfaaqkt/Library/CloudStorage/OneDrive-Personal/Dev/BITS/Final Project/Bill Scanning Based Reward Intelligence System Team ARAJ/dataset/normalized/Receipt 49.jpg,receipt 49,1,0.980617
/Users/ashfaaqkt/Library/CloudStorage/OneDrive-Personal/Dev/BITS/Final Project/Bill Scanning Based Reward Intelligence System Team ARAJ/dataset/normalized/Receipt 57.jpg,receipt 57,0,0.002752
/Users/ashfaaqkt/Library/CloudStorage/OneDrive-Personal/Dev/BITS/Final Project/Bill Scanning Based Reward Intelligence System Team ARAJ/dataset/normalized/Receipt 60.jpg,receipt 60,0,0.001928
/Users/ashfaaqkt/Library/CloudStorage/OneDrive-Personal/Dev/BITS/Final Project/Bill Scanning Based Reward Intelligence System Team ARAJ/dataset/normalized/Receipt 66.jpg,receipt 66,0,0.742326
/Users/ashfaaqkt/Library/CloudStorage/OneDrive-Personal/Dev/BITS/Final Project/Bill Scanning Based Reward Intelligence System Team ARAJ/dataset/normalized/Receipt 77.jpg,receipt 77,0,0.001928
/Users/ashfaaqkt/Library/CloudStorage/OneDrive-Personal/Dev/BITS/Final Project/Bill Scanning Based Reward Intelligence System Team ARAJ/dataset/normalized/Receipt 80.jpg,receipt 80,1,0.274787
/Users/ashfaaqkt/Library/CloudStorage/OneDrive-Personal/Dev/BITS/Final Project/Bill Scanning Based Reward Intelligence System Team ARAJ/dataset/normalized/Receipt 87.jpg,receipt 87,0,0.617888
/Users/ashfaaqkt/Library/CloudStorage/OneDrive-Personal/Dev/BITS/Final Project/Bill Scanning Based Reward Intelligence System Team ARAJ/dataset/normalized/Receipt 92.jpg,receipt 92,0,0.001003
/Users/ashfaaqkt/Library/CloudStorage/OneDrive-Personal/Dev/BITS/Final Project/Bill Scanning Based Reward Intelligence System Team ARAJ/dataset/normalized/Receipt 94.jpg,receipt 94,0,0.751231
/Users/ashfaaqkt/Library/CloudStorage/OneDrive-Personal/Dev/BITS/Final Project/Bill Scanning Based Reward Intelligence System Team ARAJ/dataset/normalized/Receipt 12_tampered.jpg,receipt 12,1,0.941745
/Users/ashfaaqkt/Library/CloudStorage/OneDrive-Personal/Dev/BITS/Final Project/Bill Scanning Based Reward Intelligence System Team ARAJ/dataset/normalized/Receipt 38_tampered.jpg,receipt 38,1,0.769051
/Users/ashfaaqkt/Library/CloudStorage/OneDrive-Personal/Dev/BITS/Final Project/Bill Scanning Based Reward Intelligence System Team ARAJ/dataset/normalized/Receipt 28_tampered_v2.jpg,receipt 28,1,0.787923
/Users/ashfaaqkt/Library/CloudStorage/OneDrive-Personal/Dev/BITS/Final Project/Bill Scanning Based Reward Intelligence System Team ARAJ/dataset/normalized/Receipt 46_tampered_v2.jpg,receipt 46,1,0.936125
/Users/ashfaaqkt/Library/CloudStorage/OneDrive-Personal/Dev/BITS/Final Project/Bill Scanning Based Reward Intelligence System Team ARAJ/dataset/normalized/Receipt 18.jpg,receipt 18,0,0.759589
/Users/ashfaaqkt/Library/CloudStorage/OneDrive-Personal/Dev/BITS/Final Project/Bill Scanning Based Reward Intelligence System Team ARAJ/dataset/normalized/Receipt 31.jpg,receipt 31,0,0.977835
/Users/ashfaaqkt/Library/CloudStorage/OneDrive-Personal/Dev/BITS/Final Project/Bill Scanning Based Reward Intelligence System Team ARAJ/dataset/normalized/Receipt 32.jpg,receipt 32,0,0.723939
/Users/ashfaaqkt/Library/CloudStorage/OneDrive-Personal/Dev/BITS/Final Project/Bill Scanning Based Reward Intelligence System Team ARAJ/dataset/normalized/Receipt 20_tampered.jpg,receipt 20,1,0.496344
/Users/ashfaaqkt/Library/CloudStorage/OneDrive-Personal/Dev/BITS/Final Project/Bill Scanning Based Reward Intelligence System Team ARAJ/dataset/normalized/Receipt 29_tampered.jpg,receipt 29,1,0.102923
/Users/ashfaaqkt/Library/CloudStorage/OneDrive-Personal/Dev/BITS/Final Project/Bill Scanning Based Reward Intelligence System Team ARAJ/dataset/normalized/Receipt 39_tampered.jpg,receipt 39,1,0.698417
/Users/ashfaaqkt/Library/CloudStorage/OneDrive-Personal/Dev/BITS/Final Project/Bill Scanning Based Reward Intelligence System Team ARAJ/dataset/normalized/Receipt 47_tampered.jpg,receipt 47,1,0.878545
/Users/ashfaaqkt/Library/CloudStorage/OneDrive-Personal/Dev/BITS/Final Project/Bill Scanning Based Reward Intelligence System Team ARAJ/dataset/normalized/Receipt 5_tampered.jpg,receipt 5,1,0.875618
/Users/ashfaaqkt/Library/CloudStorage/OneDrive-Personal/Dev/BITS/Final Project/Bill Scanning Based Reward Intelligence System Team ARAJ/dataset/normalized/Receipt(1) 3_tampered.jpg,receipt(1) 3,1,0.215105
/Users/ashfaaqkt/Library/CloudStorage/OneDrive-Personal/Dev/BITS/Final Project/Bill Scanning Based Reward Intelligence System Team ARAJ/dataset/normalized/Receipt(1) 4_tampered.jpg,receipt(1) 4,1,0.304479
/Users/ashfaaqkt/Library/CloudStorage/OneDrive-Personal/Dev/BITS/Final Project/Bill Scanning Based Reward Intelligence System Team ARAJ/dataset/normalized/Receipt 15_tampered_v2.jpg,receipt 15,1,0.950863
/Users/ashfaaqkt/Library/CloudStorage/OneDrive-Personal/Dev/BITS/Final Project/Bill Scanning Based Reward Intelligence System Team ARAJ/dataset/normalized/Receipt 20_tampered_v2.jpg,receipt 20,1,0.621433
/Users/ashfaaqkt/Library/CloudStorage/OneDrive-Personal/Dev/BITS/Final Project/Bill Scanning Based Reward Intelligence System Team ARAJ/dataset/normalized/Receipt 29_tampered_v2.jpg,receipt 29,1,0.124129
/Users/ashfaaqkt/Library/CloudStorage/OneDrive-Personal/Dev/BITS/Final Project/Bill Scanning Based Reward Intelligence System Team ARAJ/dataset/normalized/Receipt 39_tampered_v2.jpg,receipt 39,1,0.682926
/Users/ashfaaqkt/Library/CloudStorage/OneDrive-Personal/Dev/BITS/Final Project/Bill Scanning Based Reward Intelligence System Team ARAJ/dataset/normalized/Receipt 47_tampered_v2.jpg,receipt 47,1,0.863098
/Users/ashfaaqkt/Library/CloudStorage/OneDrive-Personal/Dev/BITS/Final Project/Bill Scanning Based Reward Intelligence System Team ARAJ/dataset/normalized/Receipt 5_tampered_v2.jpg,receipt 5,1,0.876415
/Users/ashfaaqkt/Library/CloudStorage/OneDrive-Personal/Dev/BITS/Final Project/Bill Scanning Based Reward Intelligence System Team ARAJ/dataset/normalized/Receipt(1) 3_tampered_v2.jpg,receipt(1) 3,1,0.230826
/Users/ashfaaqkt/Library/CloudStorage/OneDrive-Personal/Dev/BITS/Final Project/Bill Scanning Based Reward Intelligence System Team ARAJ/dataset/normalized/Receipt(1) 4_tampered_v2.jpg,receipt(1) 4,1,0.453532
/Users/ashfaaqkt/Library/CloudStorage/OneDrive-Personal/Dev/BITS/Final Project/Bill Scanning Based Reward Intelligence System Team ARAJ/dataset/normalized/Receipt 13.jpg,receipt 13,0,0.318949
/Users/ashfaaqkt/Library/CloudStorage/OneDrive-Personal/Dev/BITS/Final Project/Bill Scanning Based Reward Intelligence System Team ARAJ/dataset/normalized/Receipt 15.jpg,receipt 15,1,0.927312
/Users/ashfaaqkt/Library/CloudStorage/OneDrive-Personal/Dev/BITS/Final Project/Bill Scanning Based Reward Intelligence System Team ARAJ/dataset/normalized/Receipt 29.jpg,receipt 29,0,0.130144
/Users/ashfaaqkt/Library/CloudStorage/OneDrive-Personal/Dev/BITS/Final Project/Bill Scanning Based Reward Intelligence System Team ARAJ/dataset/normalized/Receipt 34.jpg,receipt 34,1,0.887172
/Users/ashfaaqkt/Library/CloudStorage/OneDrive-Personal/Dev/BITS/Final Project/Bill Scanning Based Reward Intelligence System Team ARAJ/dataset/normalized/Receipt 39.jpg,receipt 39,0,0.727458
/Users/ashfaaqkt/Library/CloudStorage/OneDrive-Personal/Dev/BITS/Final Project/Bill Scanning Based Reward Intelligence System Team ARAJ/dataset/normalized/Receipt 47.jpg,receipt 47,0,0.850933
/Users/ashfaaqkt/Library/CloudStorage/OneDrive-Personal/Dev/BITS/Final Project/Bill Scanning Based Reward Intelligence System Team ARAJ/dataset/normalized/Receipt 54.jpg,receipt 54,0,0.064236
/Users/ashfaaqkt/Library/CloudStorage/OneDrive-Personal/Dev/BITS/Final Project/Bill Scanning Based Reward Intelligence System Team ARAJ/dataset/normalized/Receipt 64.jpg,receipt 64,0,0.025572
/Users/ashfaaqkt/Library/CloudStorage/OneDrive-Personal/Dev/BITS/Final Project/Bill Scanning Based Reward Intelligence System Team ARAJ/dataset/normalized/Receipt 70.jpg,receipt 70,0,0.240844
/Users/ashfaaqkt/Library/CloudStorage/OneDrive-Personal/Dev/BITS/Final Project/Bill Scanning Based Reward Intelligence System Team ARAJ/dataset/normalized/Receipt 78.jpg,receipt 78,0,0.039567
/Users/ashfaaqkt/Library/CloudStorage/OneDrive-Personal/Dev/BITS/Final Project/Bill Scanning Based Reward Intelligence System Team ARAJ/dataset/normalized/Receipt 82.jpg,receipt 82,0,0.436025
/Users/ashfaaqkt/Library/CloudStorage/OneDrive-Personal/Dev/BITS/Final Project/Bill Scanning Based Reward Intelligence System Team ARAJ/dataset/normalized/Receipt 95.jpg,receipt 95,0,0.218172
/Users/ashfaaqkt/Library/CloudStorage/OneDrive-Personal/Dev/BITS/Final Project/Bill Scanning Based Reward Intelligence System Team ARAJ/dataset/normalized/Receipt 13_tampered.jpg,receipt 13,1,0.264467
/Users/ashfaaqkt/Library/CloudStorage/OneDrive-Personal/Dev/BITS/Final Project/Bill Scanning Based Reward Intelligence System Team ARAJ/dataset/normalized/Receipt 15_tampered.jpg,receipt 15,1,0.922439
/Users/ashfaaqkt/Library/CloudStorage/OneDrive-Personal/Dev/BITS/Final Project/Bill Scanning Based Reward Intelligence System Team ARAJ/dataset/normalized/Receipt 36_tampered.jpg,receipt 36,1,0.751704
/Users/ashfaaqkt/Library/CloudStorage/OneDrive-Personal/Dev/BITS/Final Project/Bill Scanning Based Reward Intelligence System Team ARAJ/dataset/normalized/Receipt 13_tampered_v2.jpg,receipt 13,1,0.302572
/Users/ashfaaqkt/Library/CloudStorage/OneDrive-Personal/Dev/BITS/Final Project/Bill Scanning Based Reward Intelligence System Team ARAJ/dataset/normalized/Receipt 36_tampered_v2.jpg,receipt 36,1,0.81851
/Users/ashfaaqkt/Library/CloudStorage/OneDrive-Personal/Dev/BITS/Final Project/Bill Scanning Based Reward Intelligence System Team ARAJ/dataset/normalized/Receipt 20.jpg,receipt 20,0,0.493993
/Users/ashfaaqkt/Library/CloudStorage/OneDrive-Personal/Dev/BITS/Final Project/Bill Scanning Based Reward Intelligence System Team ARAJ/dataset/normalized/Receipt 36.jpg,receipt 36,0,0.769499
/Users/ashfaaqkt/Library/CloudStorage/OneDrive-Personal/Dev/BITS/Final Project/Bill Scanning Based Reward Intelligence System Team ARAJ/dataset/normalized/Receipt 63.jpg,receipt 63,0,0.026959
/Users/ashfaaqkt/Library/CloudStorage/OneDrive-Personal/Dev/BITS/Final Project/Bill Scanning Based Reward Intelligence System Team ARAJ/dataset/normalized/Receipt 88.jpg,receipt 88,1,0.883628
/Users/ashfaaqkt/Library/CloudStorage/OneDrive-Personal/Dev/BITS/Final Project/Bill Scanning Based Reward Intelligence System Team ARAJ/dataset/normalized/Receipt 1_tampered.jpg,receipt 1,1,0.296302
/Users/ashfaaqkt/Library/CloudStorage/OneDrive-Personal/Dev/BITS/Final Project/Bill Scanning Based Reward Intelligence System Team ARAJ/dataset/normalized/Receipt 19_tampered.jpg,receipt 19,1,0.600532
/Users/ashfaaqkt/Library/CloudStorage/OneDrive-Personal/Dev/BITS/Final Project/Bill Scanning Based Reward Intelligence System Team ARAJ/dataset/normalized/Receipt 23_tampered.jpg,receipt 23,1,0.493478
/Users/ashfaaqkt/Library/CloudStorage/OneDrive-Personal/Dev/BITS/Final Project/Bill Scanning Based Reward Intelligence System Team ARAJ/dataset/normalized/Receipt 3_tampered.jpg,receipt 3,1,0.310203
/Users/ashfaaqkt/Library/CloudStorage/OneDrive-Personal/Dev/BITS/Final Project/Bill Scanning Based Reward Intelligence System Team ARAJ/dataset/normalized/Receipt 35_tampered.jpg,receipt 35,1,0.594275
/Users/ashfaaqkt/Library/CloudStorage/OneDrive-Personal/Dev/BITS/Final Project/Bill Scanning Based Reward Intelligence System Team ARAJ/dataset/normalized/Receipt 42_tampered.jpg,receipt 42,1,0.732809
/Users/ashfaaqkt/Library/CloudStorage/OneDrive-Personal/Dev/BITS/Final Project/Bill Scanning Based Reward Intelligence System Team ARAJ/dataset/normalized/Receipt 48_tampered.jpg,receipt 48,1,0.586016
/Users/ashfaaqkt/Library/CloudStorage/OneDrive-Personal/Dev/BITS/Final Project/Bill Scanning Based Reward Intelligence System Team ARAJ/dataset/normalized/Receipt 6_tampered.jpg,receipt 6,1,0.484879
/Users/ashfaaqkt/Library/CloudStorage/OneDrive-Personal/Dev/BITS/Final Project/Bill Scanning Based Reward Intelligence System Team ARAJ/dataset/normalized/Receipt(1)_tampered.jpg,receipt(1),1,0.391028
/Users/ashfaaqkt/Library/CloudStorage/OneDrive-Personal/Dev/BITS/Final Project/Bill Scanning Based Reward Intelligence System Team ARAJ/dataset/normalized/Receipt 1_tampered_v2.jpg,receipt 1,1,0.435839
/Users/ashfaaqkt/Library/CloudStorage/OneDrive-Personal/Dev/BITS/Final Project/Bill Scanning Based Reward Intelligence System Team ARAJ/dataset/normalized/Receipt 19_tampered_v2.jpg,receipt 19,1,0.615084
/Users/ashfaaqkt/Library/CloudStorage/OneDrive-Personal/Dev/BITS/Final Project/Bill Scanning Based Reward Intelligence System Team ARAJ/dataset/normalized/Receipt 2_tampered_v2.jpg,receipt 2,1,0.638875
/Users/ashfaaqkt/Library/CloudStorage/OneDrive-Personal/Dev/BITS/Final Project/Bill Scanning Based Reward Intelligence System Team ARAJ/dataset/normalized/Receipt 35_tampered_v2.jpg,receipt 35,1,0.637871
/Users/ashfaaqkt/Library/CloudStorage/OneDrive-Personal/Dev/BITS/Final Project/Bill Scanning Based Reward Intelligence System Team ARAJ/dataset/normalized/Receipt 4_tampered_v2.jpg,receipt 4,1,0.173943
/Users/ashfaaqkt/Library/CloudStorage/OneDrive-Personal/Dev/BITS/Final Project/Bill Scanning Based Reward Intelligence System Team ARAJ/dataset/normalized/Receipt 42_tampered_v2.jpg,receipt 42,1,0.68852
/Users/ashfaaqkt/Library/CloudStorage/OneDrive-Personal/Dev/BITS/Final Project/Bill Scanning Based Reward Intelligence System Team ARAJ/dataset/normalized/Receipt 48_tampered_v2.jpg,receipt 48,1,0.620406
/Users/ashfaaqkt/Library/CloudStorage/OneDrive-Personal/Dev/BITS/Final Project/Bill Scanning Based Reward Intelligence System Team ARAJ/dataset/normalized/Receipt 6_tampered_v2.jpg,receipt 6,1,0.343735
/Users/ashfaaqkt/Library/CloudStorage/OneDrive-Personal/Dev/BITS/Final Project/Bill Scanning Based Reward Intelligence System Team ARAJ/dataset/normalized/Receipt(1)_tampered_v2.jpg,receipt(1),1,0.42078
/Users/ashfaaqkt/Library/CloudStorage/OneDrive-Personal/Dev/BITS/Final Project/Bill Scanning Based Reward Intelligence System Team ARAJ/dataset/normalized/Receipt 1.jpg,receipt 1,0,0.316064
/Users/ashfaaqkt/Library/CloudStorage/OneDrive-Personal/Dev/BITS/Final Project/Bill Scanning Based Reward Intelligence System Team ARAJ/dataset/normalized/Receipt 2.jpg,receipt 2,1,0.638414
/Users/ashfaaqkt/Library/CloudStorage/OneDrive-Personal/Dev/BITS/Final Project/Bill Scanning Based Reward Intelligence System Team ARAJ/dataset/normalized/Receipt 19.jpg,receipt 19,1,0.572486
/Users/ashfaaqkt/Library/CloudStorage/OneDrive-Personal/Dev/BITS/Final Project/Bill Scanning Based Reward Intelligence System Team ARAJ/dataset/normalized/Receipt 21.jpg,receipt 21,1,0.77408
/Users/ashfaaqkt/Library/CloudStorage/OneDrive-Personal/Dev/BITS/Final Project/Bill Scanning Based Reward Intelligence System Team ARAJ/dataset/normalized/Receipt 35.jpg,receipt 35,0,0.591005
/Users/ashfaaqkt/Library/CloudStorage/OneDrive-Personal/Dev/BITS/Final Project/Bill Scanning Based Reward Intelligence System Team ARAJ/dataset/normalized/Receipt 48.jpg,receipt 48,1,0.599899
/Users/ashfaaqkt/Library/CloudStorage/OneDrive-Personal/Dev/BITS/Final Project/Bill Scanning Based Reward Intelligence System Team ARAJ/dataset/normalized/Receipt 51.jpg,receipt 51,0,0.191983
/Users/ashfaaqkt/Library/CloudStorage/OneDrive-Personal/Dev/BITS/Final Project/Bill Scanning Based Reward Intelligence System Team ARAJ/dataset/normalized/Receipt 56.jpg,receipt 56,0,0.196965
/Users/ashfaaqkt/Library/CloudStorage/OneDrive-Personal/Dev/BITS/Final Project/Bill Scanning Based Reward Intelligence System Team ARAJ/dataset/normalized/Receipt 62.jpg,receipt 62,0,0.18928
/Users/ashfaaqkt/Library/CloudStorage/OneDrive-Personal/Dev/BITS/Final Project/Bill Scanning Based Reward Intelligence System Team ARAJ/dataset/normalized/Receipt 68.jpg,receipt 68,0,0.145969
/Users/ashfaaqkt/Library/CloudStorage/OneDrive-Personal/Dev/BITS/Final Project/Bill Scanning Based Reward Intelligence System Team ARAJ/dataset/normalized/Receipt 71.jpg,receipt 71,0,0.207992
/Users/ashfaaqkt/Library/CloudStorage/OneDrive-Personal/Dev/BITS/Final Project/Bill Scanning Based Reward Intelligence System Team ARAJ/dataset/normalized/Receipt 73.jpg,receipt 73,0,0.186116
/Users/ashfaaqkt/Library/CloudStorage/OneDrive-Personal/Dev/BITS/Final Project/Bill Scanning Based Reward Intelligence System Team ARAJ/dataset/normalized/Receipt 90.jpg,receipt 90,0,0.323185
/Users/ashfaaqkt/Library/CloudStorage/OneDrive-Personal/Dev/BITS/Final Project/Bill Scanning Based Reward Intelligence System Team ARAJ/dataset/normalized/Receipt 99.jpg,receipt 99,0,0.225897
/Users/ashfaaqkt/Library/CloudStorage/OneDrive-Personal/Dev/BITS/Final Project/Bill Scanning Based Reward Intelligence System Team ARAJ/dataset/normalized/Receipt 2_tampered.jpg,receipt 2,1,0.618314
/Users/ashfaaqkt/Library/CloudStorage/OneDrive-Personal/Dev/BITS/Final Project/Bill Scanning Based Reward Intelligence System Team ARAJ/dataset/normalized/Receipt 4_tampered.jpg,receipt 4,1,0.227066
/Users/ashfaaqkt/Library/CloudStorage/OneDrive-Personal/Dev/BITS/Final Project/Bill Scanning Based Reward Intelligence System Team ARAJ/dataset/normalized/Receipt 23_tampered_v2.jpg,receipt 23,1,0.476239
/Users/ashfaaqkt/Library/CloudStorage/OneDrive-Personal/Dev/BITS/Final Project/Bill Scanning Based Reward Intelligence System Team ARAJ/dataset/normalized/Receipt 3_tampered_v2.jpg,receipt 3,1,0.23463
/Users/ashfaaqkt/Library/CloudStorage/OneDrive-Personal/Dev/BITS/Final Project/Bill Scanning Based Reward Intelligence System Team ARAJ/dataset/normalized/Receipt 23.jpg,receipt 23,0,0.46357
/Users/ashfaaqkt/Library/CloudStorage/OneDrive-Personal/Dev/BITS/Final Project/Bill Scanning Based Reward Intelligence System Team ARAJ/dataset/normalized/Receipt 42.jpg,receipt 42,1,0.74854
/Users/ashfaaqkt/Library/CloudStorage/OneDrive-Personal/Dev/BITS/Final Project/Bill Scanning Based Reward Intelligence System Team ARAJ/dataset/normalized/Receipt 79.jpg,receipt 79,0,0.130482
/Users/ashfaaqkt/Library/CloudStorage/OneDrive-Personal/Dev/BITS/Final Project/Bill Scanning Based Reward Intelligence System Team ARAJ/dataset/normalized/Receipt 81.jpg,receipt 81,1,0.283962
/Users/ashfaaqkt/Library/CloudStorage/OneDrive-Personal/Dev/BITS/Final Project/Bill Scanning Based Reward Intelligence System Team ARAJ/dataset/normalized/Receipt 10_tampered.jpg,receipt 10,1,0.562271
/Users/ashfaaqkt/Library/CloudStorage/OneDrive-Personal/Dev/BITS/Final Project/Bill Scanning Based Reward Intelligence System Team ARAJ/dataset/normalized/Receipt 14_tampered.jpg,receipt 14,1,0.106918
/Users/ashfaaqkt/Library/CloudStorage/OneDrive-Personal/Dev/BITS/Final Project/Bill Scanning Based Reward Intelligence System Team ARAJ/dataset/normalized/Receipt 17_tampered.jpg,receipt 17,1,0.327497
/Users/ashfaaqkt/Library/CloudStorage/OneDrive-Personal/Dev/BITS/Final Project/Bill Scanning Based Reward Intelligence System Team ARAJ/dataset/normalized/Receipt 40_tampered.jpg,receipt 40,1,0.281297
/Users/ashfaaqkt/Library/CloudStorage/OneDrive-Personal/Dev/BITS/Final Project/Bill Scanning Based Reward Intelligence System Team ARAJ/dataset/normalized/Receipt 50_tampered.jpg,receipt 50,1,0.354168
/Users/ashfaaqkt/Library/CloudStorage/OneDrive-Personal/Dev/BITS/Final Project/Bill Scanning Based Reward Intelligence System Team ARAJ/dataset/normalized/Receipt 8_tampered.jpg,receipt 8,1,0.312109
/Users/ashfaaqkt/Library/CloudStorage/OneDrive-Personal/Dev/BITS/Final Project/Bill Scanning Based Reward Intelligence System Team ARAJ/dataset/normalized/Receipt 9jpg_tampered.jpg,receipt 9jpg,1,0.288924
/Users/ashfaaqkt/Library/CloudStorage/OneDrive-Personal/Dev/BITS/Final Project/Bill Scanning Based Reward Intelligence System Team ARAJ/dataset/normalized/Receipt 10_tampered_v2.jpg,receipt 10,1,0.56851
/Users/ashfaaqkt/Library/CloudStorage/OneDrive-Personal/Dev/BITS/Final Project/Bill Scanning Based Reward Intelligence System Team ARAJ/dataset/normalized/Receipt 14_tampered_v2.jpg,receipt 14,1,0.120125
/Users/ashfaaqkt/Library/CloudStorage/OneDrive-Personal/Dev/BITS/Final Project/Bill Scanning Based Reward Intelligence System Team ARAJ/dataset/normalized/Receipt 17_tampered_v2.jpg,receipt 17,1,0.283681
/Users/ashfaaqkt/Library/CloudStorage/OneDrive-Personal/Dev/BITS/Final Project/Bill Scanning Based Reward Intelligence System Team ARAJ/dataset/normalized/Receipt 22_tampered_v2.jpg,receipt 22,1,0.281037
/Users/ashfaaqkt/Library/CloudStorage/OneDrive-Personal/Dev/BITS/Final Project/Bill Scanning Based Reward Intelligence System Team ARAJ/dataset/normalized/Receipt 26_tampered_v2.jpg,receipt 26,1,0.553098
/Users/ashfaaqkt/Library/CloudStorage/OneDrive-Personal/Dev/BITS/Final Project/Bill Scanning Based Reward Intelligence System Team ARAJ/dataset/normalized/Receipt 37_tampered_v2.jpg,receipt 37,1,0.369675
/Users/ashfaaqkt/Library/CloudStorage/OneDrive-Personal/Dev/BITS/Final Project/Bill Scanning Based Reward Intelligence System Team ARAJ/dataset/normalized/Receipt 40_tampered_v2.jpg,receipt 40,1,0.307437
/Users/ashfaaqkt/Library/CloudStorage/OneDrive-Personal/Dev/BITS/Final Project/Bill Scanning Based Reward Intelligence System Team ARAJ/dataset/normalized/Receipt 50_tampered_v2.jpg,receipt 50,1,0.364116
/Users/ashfaaqkt/Library/CloudStorage/OneDrive-Personal/Dev/BITS/Final Project/Bill Scanning Based Reward Intelligence System Team ARAJ/dataset/normalized/Receipt 9jpg_tampered_v2.jpg,receipt 9jpg,1,0.290092
/Users/ashfaaqkt/Library/CloudStorage/OneDrive-Personal/Dev/BITS/Final Project/Bill Scanning Based Reward Intelligence System Team ARAJ/dataset/normalized/Receipt 9jpg.jpg,receipt 9jpg,1,0.304148
/Users/ashfaaqkt/Library/CloudStorage/OneDrive-Personal/Dev/BITS/Final Project/Bill Scanning Based Reward Intelligence System Team ARAJ/dataset/normalized/Receipt 10.jpg,receipt 10,0,0.557896
/Users/ashfaaqkt/Library/CloudStorage/OneDrive-Personal/Dev/BITS/Final Project/Bill Scanning Based Reward Intelligence System Team ARAJ/dataset/normalized/Receipt 17.jpg,receipt 17,1,0.305083
/Users/ashfaaqkt/Library/CloudStorage/OneDrive-Personal/Dev/BITS/Final Project/Bill Scanning Based Reward Intelligence System Team ARAJ/dataset/normalized/Receipt 22.jpg,receipt 22,0,0.290316
/Users/ashfaaqkt/Library/CloudStorage/OneDrive-Personal/Dev/BITS/Final Project/Bill Scanning Based Reward Intelligence System Team ARAJ/dataset/normalized/Receipt 26.jpg,receipt 26,1,0.546116
/Users/ashfaaqkt/Library/CloudStorage/OneDrive-Personal/Dev/BITS/Final Project/Bill Scanning Based Reward Intelligence System Team ARAJ/dataset/normalized/Receipt 37.jpg,receipt 37,1,0.379204
/Users/ashfaaqkt/Library/CloudStorage/OneDrive-Personal/Dev/BITS/Final Project/Bill Scanning Based Reward Intelligence System Team ARAJ/dataset/normalized/Receipt 43.jpg,receipt 43,1,0.486326
/Users/ashfaaqkt/Library/CloudStorage/OneDrive-Personal/Dev/BITS/Final Project/Bill Scanning Based Reward Intelligence System Team ARAJ/dataset/normalized/Receipt 52.jpg,receipt 52,0,0.062866
/Users/ashfaaqkt/Library/CloudStorage/OneDrive-Personal/Dev/BITS/Final Project/Bill Scanning Based Reward Intelligence System Team ARAJ/dataset/normalized/Receipt 55 pdf.jpg,receipt 55 pdf,0,0.064559
/Users/ashfaaqkt/Library/CloudStorage/OneDrive-Personal/Dev/BITS/Final Project/Bill Scanning Based Reward Intelligence System Team ARAJ/dataset/normalized/Receipt 58.jpg,receipt 58,0,0.13787
/Users/ashfaaqkt/Library/CloudStorage/OneDrive-Personal/Dev/BITS/Final Project/Bill Scanning Based Reward Intelligence System Team ARAJ/dataset/normalized/Receipt 65.jpg,receipt 65,1,0.265718
/Users/ashfaaqkt/Library/CloudStorage/OneDrive-Personal/Dev/BITS/Final Project/Bill Scanning Based Reward Intelligence System Team ARAJ/dataset/normalized/Receipt 67.jpg,receipt 67,1,0.079745
/Users/ashfaaqkt/Library/CloudStorage/OneDrive-Personal/Dev/BITS/Final Project/Bill Scanning Based Reward Intelligence System Team ARAJ/dataset/normalized/Receipt 72.jpg,receipt 72,0,0.10721
/Users/ashfaaqkt/Library/CloudStorage/OneDrive-Personal/Dev/BITS/Final Project/Bill Scanning Based Reward Intelligence System Team ARAJ/dataset/normalized/Receipt 84.jpg,receipt 84,0,0.206875
/Users/ashfaaqkt/Library/CloudStorage/OneDrive-Personal/Dev/BITS/Final Project/Bill Scanning Based Reward Intelligence System Team ARAJ/dataset/normalized/Receipt 85.jpg,receipt 85,0,0.526334
/Users/ashfaaqkt/Library/CloudStorage/OneDrive-Personal/Dev/BITS/Final Project/Bill Scanning Based Reward Intelligence System Team ARAJ/dataset/normalized/Receipt 86.jpg,receipt 86,0,0.644876
/Users/ashfaaqkt/Library/CloudStorage/OneDrive-Personal/Dev/BITS/Final Project/Bill Scanning Based Reward Intelligence System Team ARAJ/dataset/normalized/Receipt 91.jpg,receipt 91,0,0.174184
/Users/ashfaaqkt/Library/CloudStorage/OneDrive-Personal/Dev/BITS/Final Project/Bill Scanning Based Reward Intelligence System Team ARAJ/dataset/normalized/Receipt 96.jpg,receipt 96,0,0.226903
/Users/ashfaaqkt/Library/CloudStorage/OneDrive-Personal/Dev/BITS/Final Project/Bill Scanning Based Reward Intelligence System Team ARAJ/dataset/normalized/Receipt 97.jpg,receipt 97,0,0.127425
/Users/ashfaaqkt/Library/CloudStorage/OneDrive-Personal/Dev/BITS/Final Project/Bill Scanning Based Reward Intelligence System Team ARAJ/dataset/normalized/Receipt 22_tampered.jpg,receipt 22,1,0.292472
/Users/ashfaaqkt/Library/CloudStorage/OneDrive-Personal/Dev/BITS/Final Project/Bill Scanning Based Reward Intelligence System Team ARAJ/dataset/normalized/Receipt 26_tampered.jpg,receipt 26,1,0.535682
/Users/ashfaaqkt/Library/CloudStorage/OneDrive-Personal/Dev/BITS/Final Project/Bill Scanning Based Reward Intelligence System Team ARAJ/dataset/normalized/Receipt 37_tampered.jpg,receipt 37,1,0.366506
/Users/ashfaaqkt/Library/CloudStorage/OneDrive-Personal/Dev/BITS/Final Project/Bill Scanning Based Reward Intelligence System Team ARAJ/dataset/normalized/Receipt 8_tampered_v2.jpg,receipt 8,1,0.335795
/Users/ashfaaqkt/Library/CloudStorage/OneDrive-Personal/Dev/BITS/Final Project/Bill Scanning Based Reward Intelligence System Team ARAJ/dataset/normalized/Receipt 14.jpg,receipt 14,0,0.109852
/Users/ashfaaqkt/Library/CloudStorage/OneDrive-Personal/Dev/BITS/Final Project/Bill Scanning Based Reward Intelligence System Team ARAJ/dataset/normalized/Receipt 40.jpg,receipt 40,1,0.29608
/Users/ashfaaqkt/Library/CloudStorage/OneDrive-Personal/Dev/BITS/Final Project/Bill Scanning Based Reward Intelligence System Team ARAJ/dataset/normalized/Receipt 50.jpg,receipt 50,1,0.359082
/Users/ashfaaqkt/Library/CloudStorage/OneDrive-Personal/Dev/BITS/Final Project/Bill Scanning Based Reward Intelligence System Team ARAJ/dataset/normalized/Receipt 16_tampered.jpg,receipt 16,1,0.515666
/Users/ashfaaqkt/Library/CloudStorage/OneDrive-Personal/Dev/BITS/Final Project/Bill Scanning Based Reward Intelligence System Team ARAJ/dataset/normalized/Receipt 24_tampered.jpg,receipt 24,1,0.890049
/Users/ashfaaqkt/Library/CloudStorage/OneDrive-Personal/Dev/BITS/Final Project/Bill Scanning Based Reward Intelligence System Team ARAJ/dataset/normalized/Receipt 25_tampered.jpg,receipt 25,1,0.624273
/Users/ashfaaqkt/Library/CloudStorage/OneDrive-Personal/Dev/BITS/Final Project/Bill Scanning Based Reward Intelligence System Team ARAJ/dataset/normalized/Receipt 27_tampered.jpg,receipt 27,1,0.728792
/Users/ashfaaqkt/Library/CloudStorage/OneDrive-Personal/Dev/BITS/Final Project/Bill Scanning Based Reward Intelligence System Team ARAJ/dataset/normalized/Receipt 30_tampered.jpg,receipt 30,1,0.613275
/Users/ashfaaqkt/Library/CloudStorage/OneDrive-Personal/Dev/BITS/Final Project/Bill Scanning Based Reward Intelligence System Team ARAJ/dataset/normalized/Receipt 44_tampered.jpg,receipt 44,1,0.896303
/Users/ashfaaqkt/Library/CloudStorage/OneDrive-Personal/Dev/BITS/Final Project/Bill Scanning Based Reward Intelligence System Team ARAJ/dataset/normalized/Receipt 16_tampered_v2.jpg,receipt 16,1,0.526662
/Users/ashfaaqkt/Library/CloudStorage/OneDrive-Personal/Dev/BITS/Final Project/Bill Scanning Based Reward Intelligence System Team ARAJ/dataset/normalized/Receipt 24_tampered_v2.jpg,receipt 24,1,0.900037
/Users/ashfaaqkt/Library/CloudStorage/OneDrive-Personal/Dev/BITS/Final Project/Bill Scanning Based Reward Intelligence System Team ARAJ/dataset/normalized/Receipt 25_tampered_v2.jpg,receipt 25,1,0.661966
/Users/ashfaaqkt/Library/CloudStorage/OneDrive-Personal/Dev/BITS/Final Project/Bill Scanning Based Reward Intelligence System Team ARAJ/dataset/normalized/Receipt 27_tampered_v2.jpg,receipt 27,1,0.662256
/Users/ashfaaqkt/Library/CloudStorage/OneDrive-Personal/Dev/BITS/Final Project/Bill Scanning Based Reward Intelligence System Team ARAJ/dataset/normalized/Receipt 30_tampered_v2.jpg,receipt 30,1,0.652932
/Users/ashfaaqkt/Library/CloudStorage/OneDrive-Personal/Dev/BITS/Final Project/Bill Scanning Based Reward Intelligence System Team ARAJ/dataset/normalized/Receipt 44_tampered_v2.jpg,receipt 44,1,0.899035
/Users/ashfaaqkt/Library/CloudStorage/OneDrive-Personal/Dev/BITS/Final Project/Bill Scanning Based Reward Intelligence System Team ARAJ/dataset/normalized/Receipt 45_tampered_v2.jpg,receipt 45,1,0.857709
/Users/ashfaaqkt/Library/CloudStorage/OneDrive-Personal/Dev/BITS/Final Project/Bill Scanning Based Reward Intelligence System Team ARAJ/dataset/normalized/Receipt 16.jpg,receipt 16,0,0.53616
/Users/ashfaaqkt/Library/CloudStorage/OneDrive-Personal/Dev/BITS/Final Project/Bill Scanning Based Reward Intelligence System Team ARAJ/dataset/normalized/Receipt 24.jpg,receipt 24,1,0.889059
/Users/ashfaaqkt/Library/CloudStorage/OneDrive-Personal/Dev/BITS/Final Project/Bill Scanning Based Reward Intelligence System Team ARAJ/dataset/normalized/Receipt 25.jpg,receipt 25,0,0.686739
/Users/ashfaaqkt/Library/CloudStorage/OneDrive-Personal/Dev/BITS/Final Project/Bill Scanning Based Reward Intelligence System Team ARAJ/dataset/normalized/Receipt 27.jpg,receipt 27,0,0.666762
/Users/ashfaaqkt/Library/CloudStorage/OneDrive-Personal/Dev/BITS/Final Project/Bill Scanning Based Reward Intelligence System Team ARAJ/dataset/normalized/Receipt 30.jpg,receipt 30,0,0.689106
/Users/ashfaaqkt/Library/CloudStorage/OneDrive-Personal/Dev/BITS/Final Project/Bill Scanning Based Reward Intelligence System Team ARAJ/dataset/normalized/Receipt 44.jpg,receipt 44,1,0.901109
/Users/ashfaaqkt/Library/CloudStorage/OneDrive-Personal/Dev/BITS/Final Project/Bill Scanning Based Reward Intelligence System Team ARAJ/dataset/normalized/Receipt 45.jpg,receipt 45,1,0.878676
/Users/ashfaaqkt/Library/CloudStorage/OneDrive-Personal/Dev/BITS/Final Project/Bill Scanning Based Reward Intelligence System Team ARAJ/dataset/normalized/Receipt 53 pdf.jpg,receipt 53 pdf,0,0.158832
/Users/ashfaaqkt/Library/CloudStorage/OneDrive-Personal/Dev/BITS/Final Project/Bill Scanning Based Reward Intelligence System Team ARAJ/dataset/normalized/Receipt 59.jpg,receipt 59,0,0.04018
/Users/ashfaaqkt/Library/CloudStorage/OneDrive-Personal/Dev/BITS/Final Project/Bill Scanning Based Reward Intelligence System Team ARAJ/dataset/normalized/Receipt 61.jpg,receipt 61,0,0.080044
/Users/ashfaaqkt/Library/CloudStorage/OneDrive-Personal/Dev/BITS/Final Project/Bill Scanning Based Reward Intelligence System Team ARAJ/dataset/normalized/Receipt 69.jpg,receipt 69,0,0.1546
/Users/ashfaaqkt/Library/CloudStorage/OneDrive-Personal/Dev/BITS/Final Project/Bill Scanning Based Reward Intelligence System Team ARAJ/dataset/normalized/Receipt 74.jpg,receipt 74,1,0.621643
/Users/ashfaaqkt/Library/CloudStorage/OneDrive-Personal/Dev/BITS/Final Project/Bill Scanning Based Reward Intelligence System Team ARAJ/dataset/normalized/Receipt 76.jpg,receipt 76,0,0.156222
/Users/ashfaaqkt/Library/CloudStorage/OneDrive-Personal/Dev/BITS/Final Project/Bill Scanning Based Reward Intelligence System Team ARAJ/dataset/normalized/Receipt 83.jpg,receipt 83,1,0.729821
/Users/ashfaaqkt/Library/CloudStorage/OneDrive-Personal/Dev/BITS/Final Project/Bill Scanning Based Reward Intelligence System Team ARAJ/dataset/normalized/Receipt 89.jpg,receipt 89,0,0.26336
/Users/ashfaaqkt/Library/CloudStorage/OneDrive-Personal/Dev/BITS/Final Project/Bill Scanning Based Reward Intelligence System Team ARAJ/dataset/normalized/Receipt 33_tampered.jpg,receipt 33,1,0.824856
/Users/ashfaaqkt/Library/CloudStorage/OneDrive-Personal/Dev/BITS/Final Project/Bill Scanning Based Reward Intelligence System Team ARAJ/dataset/normalized/Receipt 45_tampered.jpg,receipt 45,1,0.869811
/Users/ashfaaqkt/Library/CloudStorage/OneDrive-Personal/Dev/BITS/Final Project/Bill Scanning Based Reward Intelligence System Team ARAJ/dataset/normalized/Receipt 33_tampered_v2.jpg,receipt 33,1,0.832558
/Users/ashfaaqkt/Library/CloudStorage/OneDrive-Personal/Dev/BITS/Final Project/Bill Scanning Based Reward Intelligence System Team ARAJ/dataset/normalized/Receipt 33.jpg,receipt 33,1,0.843669
/Users/ashfaaqkt/Library/CloudStorage/OneDrive-Personal/Dev/BITS/Final Project/Bill Scanning Based Reward Intelligence System Team ARAJ/dataset/normalized/Receipt 75.jpg,receipt 75,0,0.190818
/Users/ashfaaqkt/Library/CloudStorage/OneDrive-Personal/Dev/BITS/Final Project/Bill Scanning Based Reward Intelligence System Team ARAJ/dataset/normalized/Receipt 93.jpg,receipt 93,0,0.529234
/Users/ashfaaqkt/Library/CloudStorage/OneDrive-Personal/Dev/BITS/Final Project/Bill Scanning Based Reward Intelligence System Team ARAJ/dataset/normalized/Receipt 98.jpg,receipt 98,0,0.23896
/Users/ashfaaqkt/Library/CloudStorage/OneDrive-Personal/Dev/BITS/Final Project/Bill Scanning Based Reward Intelligence System Team ARAJ/dataset/normalized/Receipt 100.jpg,receipt 100,0,0.385439
