path,group,y,forensic_prob
/Users/ashfaaqkt/Library/CloudStorage/OneDrive-Personal/Dev/BITS/Final Project/Bill Scanning Based Reward Intelligence System Team ARAJ/dataset/normalized/Receipt 1_tampered.jpg,receipt 1,1,0.936813
/Users/ashfaaqkt/Library/CloudStorage/OneDrive-Personal/Dev/BITS/Final Project/Bill Scanning Based Reward Intelligence System Team ARAJ/dataset/normalized/Receipt 10_tampered.jpg,receipt 10,1,0.985219
/Users/ashfaaqkt/Library/CloudStorage/OneDrive-Personal/Dev/BITS/Final Project/Bill Scanning Based Reward Intelligence System Team ARAJ/dataset/normalized/Receipt 11_tampered.jpg,receipt 11,1,0.98716
/Users/ashfaaqkt/Library/CloudStorage/OneDrive-Personal/Dev/BITS/Final Project/Bill Scanning Based Reward Intelligence System Team ARAJ/dataset/normalized/Receipt 14_tampered.jpg,receipt 14,1,0.962851
/Users/ashfaaqkt/Library/CloudStorage/OneDrive-Personal/Dev/BITS/Final Project/Bill Scanning Based Reward Intelligence System Team ARAJ/dataset/normalized/Receipt 16_tampered.jpg,receipt 16,1,0.987747
/Users/ashfaaqkt/Library/CloudStorage/OneDrive-Personal/Dev/BITS/Final Project/Bill Scanning Based Reward Intelligence System Team ARAJ/dataset/normalized/Receipt 17_tampered.jpg,receipt 17,1,0.858595
/Users/ashfaaqkt/Library/CloudStorage/OneDrive-Personal/Dev/BITS/Final Project/Bill Scanning Based Reward Intelligence System Team ARAJ/dataset/normalized/Receipt 18_tampered.jpg,receipt 18,1,0.96764
/Users/ashfaaqkt/Library/CloudStorage/OneDrive-Personal/Dev/BITS/Final Project/Bill Scanning Based Reward Intelligence System Team ARAJ/dataset/normalized/Receipt 19_tampered.jpg,receipt 19,1,0.599604
/Users/ashfaaqkt/Library/CloudStorage/OneDrive-Personal/Dev/BITS/Final Project/Bill Scanning Based Reward Intelligence System Team ARAJ/dataset/normalized/Receipt 20_tampered.jpg,receipt 20,1,0.919437
/Users/ashfaaqkt/Library/CloudStorage/OneDrive-Personal/Dev/BITS/Final Project/Bill Scanning Based Reward Intelligence System Team ARAJ/dataset/normalized/Receipt 23_tampered.jpg,receipt 23,1,0.862841
/Users/ashfaaqkt/Library/CloudStorage/OneDrive-Personal/Dev/BITS/Final Project/Bill Scanning Based Reward Intelligence System Team ARAJ/dataset/normalized/Receipt 24_tampered.jpg,receipt 24,1,0.991121
/Users/ashfaaqkt/Library/CloudStorage/OneDrive-Personal/Dev/BITS/Final Project/Bill Scanning Based Reward Intelligence System Team ARAJ/dataset/normalized/Receipt 25_tampered.jpg,receipt 25,1,0.689772
/Users/ashfaaqkt/Library/CloudStorage/OneDrive-Personal/Dev/BITS/Final Project/Bill Scanning Based Reward Intelligence System Team ARAJ/dataset/normalized/Receipt 27_tampered.jpg,receipt 27,1,0.838401
/Users/ashfaaqkt/Library/CloudStorage/OneDrive-Personal/Dev/BITS/Final Project/Bill Scanning Based Reward Intelligence System Team ARAJ/dataset/normalized/Receipt 28_tampered.jpg,receipt 28,1,0.917037
/Users/ashfaaqkt/Library/CloudStorage/OneDrive-Personal/Dev/BITS/Final Project/Bill Scanning Based Reward Intelligence System Team ARAJ/dataset/normalized/Receipt 29_tampered.jpg,receipt 29,1,0.468728
/Users/ashfaaqkt/Library/CloudStorage/OneDrive-Personal/Dev/BITS/Final Project/Bill Scanning Based Reward Intelligence System Team ARAJ/dataset/normalized/Receipt 3_tampered.jpg,receipt 3,1,0.270635
/Users/ashfaaqkt/Library/CloudStorage/OneDrive-Personal/Dev/BITS/Final Project/Bill Scanning Based Reward Intelligence System Team ARAJ/dataset/normalized/Receipt 30_tampered.jpg,receipt 30,1,0.96133
/Users/ashfaaqkt/Library/CloudStorage/OneDrive-Personal/Dev/BITS/Final Project/Bill Scanning Based Reward Intelligence System Team ARAJ/dataset/normalized/Receipt 31_tampered.jpg,receipt 31,1,0.962889
/Users/ashfaaqkt/Library/CloudStorage/OneDrive-Personal/Dev/BITS/Final Project/Bill Scanning Based Reward Intelligence System Team ARAJ/dataset/normalized/Receipt 32_tampered.jpg,receipt 32,1,0.825524
/Users/ashfaaqkt/Library/CloudStorage/OneDrive-Personal/Dev/BITS/Final Project/Bill Scanning Based Reward Intelligence System Team ARAJ/dataset/normalized/Receipt 35_tampered.jpg,receipt 35,1,0.789684
/Users/ashfaaqkt/Library/CloudStorage/OneDrive-Personal/Dev/BITS/Final Project/Bill Scanning Based Reward Intelligence System Team ARAJ/dataset/normalized/Receipt 39_tampered.jpg,receipt 39,1,0.990401
/Users/ashfaaqkt/Library/CloudStorage/OneDrive-Personal/Dev/BITS/Final Project/Bill Scanning Based Reward Intelligence System Team ARAJ/dataset/normalized/Receipt 40_tampered.jpg,receipt 40,1,0.99013
/Users/ashfaaqkt/Library/CloudStorage/OneDrive-Personal/Dev/BITS/Final Project/Bill Scanning Based Reward Intelligence System Team ARAJ/dataset/normalized/Receipt 42_tampered.jpg,receipt 42,1,0.996182
/Users/ashfaaqkt/Library/CloudStorage/OneDrive-Personal/Dev/BITS/Final Project/Bill Scanning Based Reward Intelligence System Team ARAJ/dataset/normalized/Receipt 44_tampered.jpg,receipt 44,1,0.910403
/Users/ashfaaqkt/Library/CloudStorage/OneDrive-Personal/Dev/BITS/Final Project/Bill Scanning Based Reward Intelligence System Team ARAJ/dataset/normalized/Receipt 46_tampered.jpg,receipt 46,1,0.916654
/Users/ashfaaqkt/Library/CloudStorage/OneDrive-Personal/Dev/BITS/Final Project/Bill Scanning Based Reward Intelligence System Team ARAJ/dataset/normalized/Receipt 47_tampered.jpg,receipt 47,1,0.989304
/Users/ashfaaqkt/Library/CloudStorage/OneDrive-Personal/Dev/BITS/Final Project/Bill Scanning Based Reward Intelligence System Team ARAJ/dataset/normalized/Receipt 48_tampered.jpg,receipt 48,1,0.952994
/Users/ashfaaqkt/Library/CloudStorage/OneDrive-Personal/Dev/BITS/Final Project/Bill Scanning Based Reward Intelligence System Team ARAJ/dataset/normalized/Receipt 49_tampered.jpg,receipt 49,1,0.888182
/Users/ashfaaqkt/Library/CloudStorage/OneDrive-Personal/Dev/BITS/Final Project/Bill Scanning Based Reward Intelligence System Team ARAJ/dataset/normalized/Receipt 5_tampered.jpg,receipt 5,1,0.335402
/Users/ashfaaqkt/Library/CloudStorage/OneDrive-Personal/Dev/BITS/Final Project/Bill Scanning Based Reward Intelligence System Team ARAJ/dataset/normalized/Receipt 50_tampered.jpg,receipt 50,1,0.998287
/Users/ashfaaqkt/Library/CloudStorage/OneDrive-Personal/Dev/BITS/Final Project/Bill Scanning Based Reward Intelligence System Team ARAJ/dataset/normalized/Receipt 6_tampered.jpg,receipt 6,1,0.644354
/Users/ashfaaqkt/Library/CloudStorage/OneDrive-Personal/Dev/BITS/Final Project/Bill Scanning Based Reward Intelligence System Team ARAJ/dataset/normalized/Receipt 7_tampered.jpg,receipt 7,1,0.944475
/Users/ashfaaqkt/Library/CloudStorage/OneDrive-Personal/Dev/BITS/Final Project/Bill Scanning Based Reward Intelligence System Team ARAJ/dataset/normalized/Receipt 8_tampered.jpg,receipt 8,1,0.992643
/Users/ashfaaqkt/Library/CloudStorage/OneDrive-Personal/Dev/BITS/Final Project/Bill Scanning Based Reward Intelligence System Team ARAJ/dataset/normalized/Receipt 9jpg_tampered.jpg,receipt 9jpg,1,0.712748
/Users/ashfaaqkt/Library/CloudStorage/OneDrive-Personal/Dev/BITS/Final Project/Bill Scanning Based Reward Intelligence System Team ARAJ/dataset/normalized/Receipt(1) 2_tampered.jpg,receipt(1) 2,1,0.551563
/Users/ashfaaqkt/Library/CloudStorage/OneDrive-Personal/Dev/BITS/Final Project/Bill Scanning Based Reward Intelligence System Team ARAJ/dataset/normalized/Receipt(1) 3_tampered.jpg,receipt(1) 3,1,0.972802
/Users/ashfaaqkt/Library/CloudStorage/OneDrive-Personal/Dev/BITS/Final Project/Bill Scanning Based Reward Intelligence System Team ARAJ/dataset/normalized/Receipt(1) 4_tampered.jpg,receipt(1) 4,1,0.242723
/Users/ashfaaqkt/Library/CloudStorage/OneDrive-Personal/Dev/BITS/Final Project/Bill Scanning Based Reward Intelligence System Team ARAJ/dataset/normalized/Receipt(1)_tampered.jpg,receipt(1),1,0.314178
/Users/ashfaaqkt/Library/CloudStorage/OneDrive-Personal/Dev/BITS/Final Project/Bill Scanning Based Reward Intelligence System Team ARAJ/dataset/normalized/Receipt 1_tampered_v2.jpg,receipt 1,1,0.954801
/Users/ashfaaqkt/Library/CloudStorage/OneDrive-Personal/Dev/BITS/Final Project/Bill Scanning Based Reward Intelligence System Team ARAJ/dataset/normalized/Receipt 10_tampered_v2.jpg,receipt 10,1,0.98116
/Users/ashfaaqkt/Library/CloudStorage/OneDrive-Personal/Dev/BITS/Final Project/Bill Scanning Based Reward Intelligence System Team ARAJ/dataset/normalized/Receipt 11_tampered_v2.jpg,receipt 11,1,0.975923
/Users/ashfaaqkt/Library/CloudStorage/OneDrive-Personal/Dev/BITS/Final Project/Bill Scanning Based Reward Intelligence System Team ARAJ/dataset/normalized/Receipt 12_tampered_v2.jpg,receipt 12,1,0.990826
/Users/ashfaaqkt/Library/CloudStorage/OneDrive-Personal/Dev/BITS/Final Project/Bill Scanning Based Reward Intelligence System Team ARAJ/dataset/normalized/Receipt 14_tampered_v2.jpg,receipt 14,1,0.980026
/Users/ashfaaqkt/Library/CloudStorage/OneDrive-Personal/Dev/BITS/Final Project/Bill Scanning Based Reward Intelligence System Team ARAJ/dataset/normalized/Receipt 15_tampered_v2.jpg,receipt 15,1,0.358358
/Users/ashfaaqkt/Library/CloudStorage/OneDrive-Personal/Dev/BITS/Final Project/Bill Scanning Based Reward Intelligence System Team ARAJ/dataset/normalized/Receipt 16_tampered_v2.jpg,receipt 16,1,0.866952
/Users/ashfaaqkt/Library/CloudStorage/OneDrive-Personal/Dev/BITS/Final Project/Bill Scanning Based Reward Intelligence System Team ARAJ/dataset/normalized/Receipt 17_tampered_v2.jpg,receipt 17,1,0.794018
/Users/ashfaaqkt/Library/CloudStorage/OneDrive-Personal/Dev/BITS/Final Project/Bill Scanning Based Reward Intelligence System Team ARAJ/dataset/normalized/Receipt 18_tampered_v2.jpg,receipt 18,1,0.984897
/Users/ashfaaqkt/Library/CloudStorage/OneDrive-Personal/Dev/BITS/Final Project/Bill Scanning Based Reward Intelligence System Team ARAJ/dataset/normalized/Receipt 19_tampered_v2.jpg,receipt 19,1,0.670907
/Users/ashfaaqkt/Library/CloudStorage/OneDrive-Personal/Dev/BITS/Final Project/Bill Scanning Based Reward Intelligence System Team ARAJ/dataset/normalized/Receipt 2_tampered_v2.jpg,receipt 2,1,0.061288
/Users/ashfaaqkt/Library/CloudStorage/OneDrive-Personal/Dev/BITS/Final Project/Bill Scanning Based Reward Intelligence System Team ARAJ/dataset/normalized/Receipt 20_tampered_v2.jpg,receipt 20,1,0.983433
/Users/ashfaaqkt/Library/CloudStorage/OneDrive-Personal/Dev/BITS/Final Project/Bill Scanning Based Reward Intelligence System Team ARAJ/dataset/normalized/Receipt 22_tampered_v2.jpg,receipt 22,1,0.805403
/Users/ashfaaqkt/Library/CloudStorage/OneDrive-Personal/Dev/BITS/Final Project/Bill Scanning Based Reward Intelligence System Team ARAJ/dataset/normalized/Receipt 24_tampered_v2.jpg,receipt 24,1,0.983139
/Users/ashfaaqkt/Library/CloudStorage/OneDrive-Personal/Dev/BITS/Final Project/Bill Scanning Based Reward Intelligence System Team ARAJ/dataset/normalized/Receipt 25_tampered_v2.jpg,receipt 25,1,0.695716
/Users/ashfaaqkt/Library/CloudStorage/OneDrive-Personal/Dev/BITS/Final Project/Bill Scanning Based Reward Intelligence System Team ARAJ/dataset/normalized/Receipt 26_tampered_v2.jpg,receipt 26,1,0.962564
/Users/ashfaaqkt/Library/CloudStorage/OneDrive-Personal/Dev/BITS/Final Project/Bill Scanning Based Reward Intelligence System Team ARAJ/dataset/normalized/Receipt 27_tampered_v2.jpg,receipt 27,1,0.580802
/Users/ashfaaqkt/Library/CloudStorage/OneDrive-Personal/Dev/BITS/Final Project/Bill Scanning Based Reward Intelligence System Team ARAJ/dataset/normalized/Receipt 29_tampered_v2.jpg,receipt 29,1,0.494779
/Users/ashfaaqkt/Library/CloudStorage/OneDrive-Personal/Dev/BITS/Final Project/Bill Scanning Based Reward Intelligence System Team ARAJ/dataset/normalized/Receipt 30_tampered_v2.jpg,receipt 30,1,0.753066
/Users/ashfaaqkt/Library/CloudStorage/OneDrive-Personal/Dev/BITS/Final Project/Bill Scanning Based Reward Intelligence System Team ARAJ/dataset/normalized/Receipt 31_tampered_v2.jpg,receipt 31,1,0.957041
/Users/ashfaaqkt/Library/CloudStorage/OneDrive-Personal/Dev/BITS/Final Project/Bill Scanning Based Reward Intelligence System Team ARAJ/dataset/normalized/Receipt 32_tampered_v2.jpg,receipt 32,1,0.83459
/Users/ashfaaqkt/Library/CloudStorage/OneDrive-Personal/Dev/BITS/Final Project/Bill Scanning Based Reward Intelligence System Team ARAJ/dataset/normalized/Receipt 35_tampered_v2.jpg,receipt 35,1,0.789684
/Users/ashfaaqkt/Library/CloudStorage/OneDrive-Personal/Dev/BITS/Final Project/Bill Scanning Based Reward Intelligence System Team ARAJ/dataset/normalized/Receipt 37_tampered_v2.jpg,receipt 37,1,0.673896
/Users/ashfaaqkt/Library/CloudStorage/OneDrive-Personal/Dev/BITS/Final Project/Bill Scanning Based Reward Intelligence System Team ARAJ/dataset/normalized/Receipt 38_tampered_v2.jpg,receipt 38,1,0.949865
/Users/ashfaaqkt/Library/CloudStorage/OneDrive-Personal/Dev/BITS/Final Project/Bill Scanning Based Reward Intelligence System Team ARAJ/dataset/normalized/Receipt 39_tampered_v2.jpg,receipt 39,1,0.813557
/Users/ashfaaqkt/Library/CloudStorage/OneDrive-Personal/Dev/BITS/Final Project/Bill Scanning Based Reward Intelligence System Team ARAJ/dataset/normalized/Receipt 4_tampered_v2.jpg,receipt 4,1,0.282894
/Users/ashfaaqkt/Library/CloudStorage/OneDrive-Personal/Dev/BITS/Final Project/Bill Scanning Based Reward Intelligence System Team ARAJ/dataset/normalized/Receipt 40_tampered_v2.jpg,receipt 40,1,0.989525
/Users/ashfaaqkt/Library/CloudStorage/OneDrive-Personal/Dev/BITS/Final Project/Bill Scanning Based Reward Intelligence System Team ARAJ/dataset/normalized/Receipt 42_tampered_v2.jpg,receipt 42,1,0.966811
/Users/ashfaaqkt/Library/CloudStorage/OneDrive-Personal/Dev/BITS/Final Project/Bill Scanning Based Reward Intelligence System Team ARAJ/dataset/normalized/Receipt 44_tampered_v2.jpg,receipt 44,1,0.762439
/Users/ashfaaqkt/Library/CloudStorage/OneDrive-Personal/Dev/BITS/Final Project/Bill Scanning Based Reward Intelligence System Team ARAJ/dataset/normalized/Receipt 45_tampered_v2.jpg,receipt 45,1,0.993748
/Users/ashfaaqkt/Library/CloudStorage/OneDrive-Personal/Dev/BITS/Final Project/Bill Scanning Based Reward Intelligence System Team ARAJ/dataset/normalized/Receipt 47_tampered_v2.jpg,receipt 47,1,0.993248
/Users/ashfaaqkt/Library/CloudStorage/OneDrive-Personal/Dev/BITS/Final Project/Bill Scanning Based Reward Intelligence System Team ARAJ/dataset/normalized/Receipt 48_tampered_v2.jpg,receipt 48,1,0.980213
/Users/ashfaaqkt/Library/CloudStorage/OneDrive-Personal/Dev/BITS/Final Project/Bill Scanning Based Reward Intelligence System Team ARAJ/dataset/normalized/Receipt 49_tampered_v2.jpg,receipt 49,1,0.939685
/Users/ashfaaqkt/Library/CloudStorage/OneDrive-Personal/Dev/BITS/Final Project/Bill Scanning Based Reward Intelligence System Team ARAJ/dataset/normalized/Receipt 5_tampered_v2.jpg,receipt 5,1,0.605029
/Users/ashfaaqkt/Library/CloudStorage/OneDrive-Personal/Dev/BITS/Final Project/Bill Scanning Based Reward Intelligence System Team ARAJ/dataset/normalized/Receipt 50_tampered_v2.jpg,receipt 50,1,0.847888
/Users/ashfaaqkt/Library/CloudStorage/OneDrive-Personal/Dev/BITS/Final Project/Bill Scanning Based Reward Intelligence System Team ARAJ/dataset/normalized/Receipt 6_tampered_v2.jpg,receipt 6,1,0.913968
/Users/ashfaaqkt/Library/CloudStorage/OneDrive-Personal/Dev/BITS/Final Project/Bill Scanning Based Reward Intelligence System Team ARAJ/dataset/normalized/Receipt 7_tampered_v2.jpg,receipt 7,1,0.953151
/Users/ashfaaqkt/Library/CloudStorage/OneDrive-Personal/Dev/BITS/Final Project/Bill Scanning Based Reward Intelligence System Team ARAJ/dataset/normalized/Receipt 9jpg_tampered_v2.jpg,receipt 9jpg,1,0.72813
/Users/ashfaaqkt/Library/CloudStorage/OneDrive-Personal/Dev/BITS/Final Project/Bill Scanning Based Reward Intelligence System Team ARAJ/dataset/normalized/Receipt(1) 2_tampered_v2.jpg,receipt(1) 2,1,0.071947
/Users/ashfaaqkt/Library/CloudStorage/OneDrive-Personal/Dev/BITS/Final Project/Bill Scanning Based Reward Intelligence System Team ARAJ/dataset/normalized/Receipt(1) 3_tampered_v2.jpg,receipt(1) 3,1,0.982984
/Users/ashfaaqkt/Library/CloudStorage/OneDrive-Personal/Dev/BITS/Final Project/Bill Scanning Based Reward Intelligence System Team ARAJ/dataset/normalized/Receipt(1) 4_tampered_v2.jpg,receipt(1) 4,1,0.15252
/Users/ashfaaqkt/Library/CloudStorage/OneDrive-Personal/Dev/BITS/Final Project/Bill Scanning Based Reward Intelligence System Team ARAJ/dataset/normalized/Receipt(1)_tampered_v2.jpg,receipt(1),1,0.389286
/Users/ashfaaqkt/Library/CloudStorage/OneDrive-Personal/Dev/BITS/Final Project/Bill Scanning Based Reward Intelligence System Team ARAJ/dataset/normalized/Receipt 1.jpg,receipt 1,0,0.936813
/Users/ashfaaqkt/Library/CloudStorage/OneDrive-Personal/Dev/BITS/Final Project/Bill Scanning Based Reward Intelligence System Team ARAJ/dataset/normalized/Receipt 2.jpg,receipt 2,1,0.928116
/Users/ashfaaqkt/Library/CloudStorage/OneDrive-Personal/Dev/BITS/Final Project/Bill Scanning Based Reward Intelligence System Team ARAJ/dataset/normalized/Receipt 7.jpg,receipt 7,1,0.948642
/Users/ashfaaqkt/Library/CloudStorage/OneDrive-Personal/Dev/BITS/Final Project/Bill Scanning Based Reward Intelligence System Team ARAJ/dataset/normalized/Receipt 9jpg.jpg,receipt 9jpg,1,0.726992
/Users/ashfaaqkt/Library/CloudStorage/OneDrive-Personal/Dev/BITS/Final Project/Bill Scanning Based Reward Intelligence System Team ARAJ/dataset/normalized/Receipt 10.jpg,receipt 10,0,0.974933
/Users/ashfaaqkt/Library/CloudStorage/OneDrive-Personal/Dev/BITS/Final Project/Bill Scanning Based Reward Intelligence System Team ARAJ/dataset/normalized/Receipt 11.jpg,receipt 11,1,0.99521
/Users/ashfaaqkt/Library/CloudStorage/OneDrive-Personal/Dev/BITS/Final Project/Bill Scanning Based Reward Intelligence System Team ARAJ/dataset/normalized/Receipt 12.jpg,receipt 12,1,0.9764
/Users/ashfaaqkt/Library/CloudStorage/OneDrive-Personal/Dev/BITS/Final Project/Bill Scanning Based Reward Intelligence System Team ARAJ/dataset/normalized/Receipt 13.jpg,receipt 13,0,0.348635
/Users/ashfaaqkt/Library/CloudStorage/OneDrive-Personal/Dev/BITS/Final Project/Bill Scanning Based Reward Intelligence System Team ARAJ/dataset/normalized/Receipt 15.jpg,receipt 15,1,0.663203
/Users/ashfaaqkt/Library/CloudStorage/OneDrive-Personal/Dev/BITS/Final Project/Bill Scanning Based Reward Intelligence System Team ARAJ/dataset/normalized/Receipt 16.jpg,receipt 16,0,0.916288
/Users/ashfaaqkt/Library/CloudStorage/OneDrive-Personal/Dev/BITS/Final Project/Bill Scanning Based Reward Intelligence System Team ARAJ/dataset/normalized/Receipt 17.jpg,receipt 17,1,0.753956
/Users/ashfaaqkt/Library/CloudStorage/OneDrive-Personal/Dev/BITS/Final Project/Bill Scanning Based Reward Intelligence System Team ARAJ/dataset/normalized/Receipt 19.jpg,receipt 19,1,0.404649
/Users/ashfaaqkt/Library/CloudStorage/OneDrive-Personal/Dev/BITS/Final Project/Bill Scanning Based Reward Intelligence System Team ARAJ/dataset/normalized/Receipt 21.jpg,receipt 21,1,0.974675
/Users/ashfaaqkt/Library/CloudStorage/OneDrive-Personal/Dev/BITS/Final Project/Bill Scanning Based Reward Intelligence System Team ARAJ/dataset/normalized/Receipt 22.jpg,receipt 22,0,0.81834
/Users/ashfaaqkt/Library/CloudStorage/OneDrive-Personal/Dev/BITS/Final Project/Bill Scanning Based Reward Intelligence System Team ARAJ/dataset/normalized/Receipt 24.jpg,receipt 24,1,0.989371
/Users/ashfaaqkt/Library/CloudStorage/OneDrive-Personal/Dev/BITS/Final Project/Bill Scanning Based Reward Intelligence System Team ARAJ/dataset/normalized/Receipt 25.jpg,receipt 25,0,0.766334
/Users/ashfaaqkt/Library/CloudStorage/OneDrive-Personal/Dev/BITS/Final Project/Bill Scanning Based Reward Intelligence System Team ARAJ/dataset/normalized/Receipt 26.jpg,receipt 26,1,0.920482
/Users/ashfaaqkt/Library/CloudStorage/OneDrive-Personal/Dev/BITS/Final Project/Bill Scanning Based Reward Intelligence System Team ARAJ/dataset/normalized/Receipt 27.jpg,receipt 27,0,0.764607
/Users/ashfaaqkt/Library/CloudStorage/OneDrive-Personal/Dev/BITS/Final Project/Bill Scanning Based Reward Intelligence System Team ARAJ/dataset/normalized/Receipt 28.jpg,receipt 28,0,0.949385
/Users/ashfaaqkt/Library/CloudStorage/OneDrive-Personal/Dev/BITS/Final Project/Bill Scanning Based Reward Intelligence System Team ARAJ/dataset/normalized/Receipt 29.jpg,receipt 29,0,0.483374
/Users/ashfaaqkt/Library/CloudStorage/OneDrive-Personal/Dev/BITS/Final Project/Bill Scanning Based Reward Intelligence System Team ARAJ/dataset/normalized/Receipt 30.jpg,receipt 30,0,0.77575
/Users/ashfaaqkt/Library/CloudStorage/OneDrive-Personal/Dev/BITS/Final Project/Bill Scanning Based Reward Intelligence System Team ARAJ/dataset/normalized/Receipt 34.jpg,receipt 34,1,0.894768
/Users/ashfaaqkt/Library/CloudStorage/OneDrive-Personal/Dev/BITS/Final Project/Bill Scanning Based Reward Intelligence System Team ARAJ/dataset/normalized/Receipt 35.jpg,receipt 35,0,0.786139
/Users/ashfaaqkt/Library/CloudStorage/OneDrive-Personal/Dev/BITS/Final Project/Bill Scanning Based Reward Intelligence System Team ARAJ/dataset/normalized/Receipt 37.jpg,receipt 37,1,0.549968
/Users/ashfaaqkt/Library/CloudStorage/OneDrive-Personal/Dev/BITS/Final Project/Bill Scanning Based Reward Intelligence System Team ARAJ/dataset/normalized/Receipt 38.jpg,receipt 38,0,0.551809
/Users/ashfaaqkt/Library/CloudStorage/OneDrive-Personal/Dev/BITS/Final Project/Bill Scanning Based Reward Intelligence System Team ARAJ/dataset/normalized/Receipt 39.jpg,receipt 39,0,0.779833
/Users/ashfaaqkt/Library/CloudStorage/OneDrive-Personal/Dev/BITS/Final Project/Bill Scanning Based Reward Intelligence System Team ARAJ/dataset/normalized/Receipt 43.jpg,receipt 43,1,0.99768
/Users/ashfaaqkt/Library/CloudStorage/OneDrive-Personal/Dev/BITS/Final Project/Bill Scanning Based Reward Intelligence System Team ARAJ/dataset/normalized/Receipt 44.jpg,receipt 44,1,0.858494
/Users/ashfaaqkt/Library/CloudStorage/OneDrive-Personal/Dev/BITS/Final Project/Bill Scanning Based Reward Intelligence System Team ARAJ/dataset/normalized/Receipt 45.jpg,receipt 45,1,0.93102
/Users/ashfaaqkt/Library/CloudStorage/OneDrive-Personal/Dev/BITS/Final Project/Bill Scanning Based Reward Intelligence System Team ARAJ/dataset/normalized/Receipt 46.jpg,receipt 46,0,0.920903
/Users/ashfaaqkt/Library/CloudStorage/OneDrive-Personal/Dev/BITS/Final Project/Bill Scanning Based Reward Intelligence System Team ARAJ/dataset/normalized/Receipt 47.jpg,receipt 47,0,0.984202
/Users/ashfaaqkt/Library/CloudStorage/OneDrive-Personal/Dev/BITS/Final Project/Bill Scanning Based Reward Intelligence System Team ARAJ/dataset/normalized/Receipt 48.jpg,receipt 48,1,0.960763
/Users/ashfaaqkt/Library/CloudStorage/OneDrive-Personal/Dev/BITS/Final Project/Bill Scanning Based Reward Intelligence System Team ARAJ/dataset/normalized/Receipt 49.jpg,receipt 49,1,0.888182
/Users/ashfaaqkt/Library/CloudStorage/OneDrive-Personal/Dev/BITS/Final Project/Bill Scanning Based Reward Intelligence System Team ARAJ/dataset/normalized/Receipt 51.jpg,receipt 51,0,0.257309
/Users/ashfaaqkt/Library/CloudStorage/OneDrive-Personal/Dev/BITS/Final Project/Bill Scanning Based Reward Intelligence System Team ARAJ/dataset/normalized/Receipt 52.jpg,receipt 52,0,0.003667
/Users/ashfaaqkt/Library/CloudStorage/OneDrive-Personal/Dev/BITS/Final Project/Bill Scanning Based Reward Intelligence System Team ARAJ/dataset/normalized/Receipt 53 pdf.jpg,receipt 53 pdf,0,0.01023
/Users/ashfaaqkt/Library/CloudStorage/OneDrive-Personal/Dev/BITS/Final Project/Bill Scanning Based Reward Intelligence System Team ARAJ/dataset/normalized/Receipt 54.jpg,receipt 54,0,0.009775
/Users/ashfaaqkt/Library/CloudStorage/OneDrive-Personal/Dev/BITS/Final Project/Bill Scanning Based Reward Intelligence System Team ARAJ/dataset/normalized/Receipt 55 pdf.jpg,receipt 55 pdf,0,0.01521
/Users/ashfaaqkt/Library/CloudStorage/OneDrive-Personal/Dev/BITS/Final Project/Bill Scanning Based Reward Intelligence System Team ARAJ/dataset/normalized/Receipt 56.jpg,receipt 56,0,0.007379
/Users/ashfaaqkt/Library/CloudStorage/OneDrive-Personal/Dev/BITS/Final Project/Bill Scanning Based Reward Intelligence System Team ARAJ/dataset/normalized/Receipt 57.jpg,receipt 57,0,0.016953
/Users/ashfaaqkt/Library/CloudStorage/OneDrive-Personal/Dev/BITS/Final Project/Bill Scanning Based Reward Intelligence System Team ARAJ/dataset/normalized/Receipt 58.jpg,receipt 58,0,0.003793
/Users/ashfaaqkt/Library/CloudStorage/OneDrive-Personal/Dev/BITS/Final Project/Bill Scanning Based Reward Intelligence System Team ARAJ/dataset/normalized/Receipt 59.jpg,receipt 59,0,0.035837
/Users/ashfaaqkt/Library/CloudStorage/OneDrive-Personal/Dev/BITS/Final Project/Bill Scanning Based Reward Intelligence System Team ARAJ/dataset/normalized/Receipt 60.jpg,receipt 60,0,0.021715
/Users/ashfaaqkt/Library/CloudStorage/OneDrive-Personal/Dev/BITS/Final Project/Bill Scanning Based Reward Intelligence System Team ARAJ/dataset/normalized/Receipt 61.jpg,receipt 61,0,0.001369
/Users/ashfaaqkt/Library/CloudStorage/OneDrive-Personal/Dev/BITS/Final Project/Bill Scanning Based Reward Intelligence System Team ARAJ/dataset/normalized/Receipt 62.jpg,receipt 62,0,0.00621
/Users/ashfaaqkt/Library/CloudStorage/OneDrive-Personal/Dev/BITS/Final Project/Bill Scanning Based Reward Intelligence System Team ARAJ/dataset/normalized/Receipt 64.jpg,receipt 64,0,0.083171
/Users/ashfaaqkt/Library/CloudStorage/OneDrive-Personal/Dev/BITS/Final Project/Bill Scanning Based Reward Intelligence System Team ARAJ/dataset/normalized/Receipt 65.jpg,receipt 65,1,0.888745
/Users/ashfaaqkt/Library/CloudStorage/OneDrive-Personal/Dev/BITS/Final Project/Bill Scanning Based Reward Intelligence System Team ARAJ/dataset/normalized/Receipt 66.jpg,receipt 66,0,0.541915
/Users/ashfaaqkt/Library/CloudStorage/OneDrive-Personal/Dev/BITS/Final Project/Bill Scanning Based Reward Intelligence System Team ARAJ/dataset/normalized/Receipt 67.jpg,receipt 67,1,0.005322
/Users/ashfaaqkt/Library/CloudStorage/OneDrive-Personal/Dev/BITS/Final Project/Bill Scanning Based Reward Intelligence System Team ARAJ/dataset/normalized/Receipt 68.jpg,receipt 68,0,0.110135
/Users/ashfaaqkt/Library/CloudStorage/OneDrive-Personal/Dev/BITS/Final Project/Bill Scanning Based Reward Intelligence System Team ARAJ/dataset/normalized/Receipt 69.jpg,receipt 69,0,0.06062
/Users/ashfaaqkt/Library/CloudStorage/OneDrive-Personal/Dev/BITS/Final Project/Bill Scanning Based Reward Intelligence System Team ARAJ/dataset/normalized/Receipt 70.jpg,receipt 70,0,0.002853
/Users/ashfaaqkt/Library/CloudStorage/OneDrive-Personal/Dev/BITS/Final Project/Bill Scanning Based Reward Intelligence System Team ARAJ/dataset/normalized/Receipt 71.jpg,receipt 71,0,0.069093
/Users/ashfaaqkt/Library/CloudStorage/OneDrive-Personal/Dev/BITS/Final Project/Bill Scanning Based Reward Intelligence System Team ARAJ/dataset/normalized/Receipt 72.jpg,receipt 72,0,0.008956
/Users/ashfaaqkt/Library/CloudStorage/OneDrive-Personal/Dev/BITS/Final Project/Bill Scanning Based Reward Intelligence System Team ARAJ/dataset/normalized/Receipt 73.jpg,receipt 73,0,0.027179
/Users/ashfaaqkt/Library/CloudStorage/OneDrive-Personal/Dev/BITS/Final Project/Bill Scanning Based Reward Intelligence System Team ARAJ/dataset/normalized/Receipt 74.jpg,receipt 74,1,0.836737
/Users/ashfaaqkt/Library/CloudStorage/OneDrive-Personal/Dev/BITS/Final Project/Bill Scanning Based Reward Intelligence System Team ARAJ/dataset/normalized/Receipt 76.jpg,receipt 76,0,0.027256
/Users/ashfaaqkt/Library/CloudStorage/OneDrive-Personal/Dev/BITS/Final Project/Bill Scanning Based Reward Intelligence System Team ARAJ/dataset/normalized/Receipt 77.jpg,receipt 77,0,0.012666
/Users/ashfaaqkt/Library/CloudStorage/OneDrive-Personal/Dev/BITS/Final Project/Bill Scanning Based Reward Intelligence System Team ARAJ/dataset/normalized/Receipt 78.jpg,receipt 78,0,0.007557
/Users/ashfaaqkt/Library/CloudStorage/OneDrive-Personal/Dev/BITS/Final Project/Bill Scanning Based Reward Intelligence System Team ARAJ/dataset/normalized/Receipt 80.jpg,receipt 80,1,0.937173
/Users/ashfaaqkt/Library/CloudStorage/OneDrive-Personal/Dev/BITS/Final Project/Bill Scanning Based Reward Intelligence System Team ARAJ/dataset/normalized/Receipt 82.jpg,receipt 82,0,0.946256
/Users/ashfaaqkt/Library/CloudStorage/OneDrive-Personal/Dev/BITS/Final Project/Bill Scanning Based Reward Intelligence System Team ARAJ/dataset/normalized/Receipt 83.jpg,receipt 83,1,0.936177
/Users/ashfaaqkt/Library/CloudStorage/OneDrive-Personal/Dev/BITS/Final Project/Bill Scanning Based Reward Intelligence System Team ARAJ/dataset/normalized/Receipt 84.jpg,receipt 84,0,0.124967
/Users/ashfaaqkt/Library/CloudStorage/OneDrive-Personal/Dev/BITS/Final Project/Bill Scanning Based Reward Intelligence System Team ARAJ/dataset/normalized/Receipt 85.jpg,receipt 85,0,0.99601
/Users/ashfaaqkt/Library/CloudStorage/OneDrive-Personal/Dev/BITS/Final Project/Bill Scanning Based Reward Intelligence System Team ARAJ/dataset/normalized/Receipt 86.jpg,receipt 86,0,0.989241
/Users/ashfaaqkt/Library/CloudStorage/OneDrive-Personal/Dev/BITS/Final Project/Bill Scanning Based Reward Intelligence System Team ARAJ/dataset/normalized/Receipt 87.jpg,receipt 87,0,0.990343
/Users/ashfaaqkt/Library/CloudStorage/OneDrive-Personal/Dev/BITS/Final Project/Bill Scanning Based Reward Intelligence System Team ARAJ/dataset/normalized/Receipt 89.jpg,receipt 89,0,0.007226
/Users/ashfaaqkt/Library/CloudStorage/OneDrive-Personal/Dev/BITS/Final Project/Bill Scanning Based Reward Intelligence System Team ARAJ/dataset/normalized/Receipt 90.jpg,receipt 90,0,0.312242
/Users/ashfaaqkt/Library/CloudStorage/OneDrive-Personal/Dev/BITS/Final Project/Bill Scanning Based Reward Intelligence System Team ARAJ/dataset/normalized/Receipt 91.jpg,receipt 91,0,0.29195
/Users/ashfaaqkt/Library/CloudStorage/OneDrive-Personal/Dev/BITS/Final Project/Bill Scanning Based Reward Intelligence System Team ARAJ/dataset/normalized/Receipt 92.jpg,receipt 92,0,0.016758
/Users/ashfaaqkt/Library/CloudStorage/OneDrive-Personal/Dev/BITS/Final Project/Bill Scanning Based Reward Intelligence System Team ARAJ/dataset/normalized/Receipt 94.jpg,receipt 94,0,0.828445
/Users/ashfaaqkt/Library/CloudStorage/OneDrive-Personal/Dev/BITS/Final Project/Bill Scanning Based Reward Intelligence System Team ARAJ/dataset/normalized/Receipt 95.jpg,receipt 95,0,0.961708
/Users/ashfaaqkt/Library/CloudStorage/OneDrive-Personal/Dev/BITS/Final Project/Bill Scanning Based Reward Intelligence System Team ARAJ/dataset/normalized/Receipt 96.jpg,receipt 96,0,0.997113
/Users/ashfaaqkt/Library/CloudStorage/OneDrive-Personal/Dev/BITS/Final Project/Bill Scanning Based Reward Intelligence System Team ARAJ/dataset/normalized/Receipt 97.jpg,receipt 97,0,0.981806
/Users/ashfaaqkt/Library/CloudStorage/OneDrive-Personal/Dev/BITS/Final Project/Bill Scanning Based Reward Intelligence System Team ARAJ/dataset/normalized/Receipt 99.jpg,receipt 99,0,0.084125
/Users/ashfaaqkt/Library/CloudStorage/OneDrive-Personal/Dev/BITS/Final Project/Bill Scanning Based Reward Intelligence System Team ARAJ/dataset/normalized/Receipt 12_tampered.jpg,receipt 12,1,0.966097
/Users/ashfaaqkt/Library/CloudStorage/OneDrive-Personal/Dev/BITS/Final Project/Bill Scanning Based Reward Intelligence System Team ARAJ/dataset/normalized/Receipt 13_tampered.jpg,receipt 13,1,0.119582
/Users/ashfaaqkt/Library/CloudStorage/OneDrive-Personal/Dev/BITS/Final Project/Bill Scanning Based Reward Intelligence System Team ARAJ/dataset/normalized/Receipt 15_tampered.jpg,receipt 15,1,0.663203
/Users/ashfaaqkt/Library/CloudStorage/OneDrive-Personal/Dev/BITS/Final Project/Bill Scanning Based Reward Intelligence System Team ARAJ/dataset/normalized/Receipt 2_tampered.jpg,receipt 2,1,0.451561
/Users/ashfaaqkt/Library/CloudStorage/OneDrive-Personal/Dev/BITS/Final Project/Bill Scanning Based Reward Intelligence System Team ARAJ/dataset/normalized/Receipt 22_tampered.jpg,receipt 22,1,0.807793
/Users/ashfaaqkt/Library/CloudStorage/OneDrive-Personal/Dev/BITS/Final Project/Bill Scanning Based Reward Intelligence System Team ARAJ/dataset/normalized/Receipt 26_tampered.jpg,receipt 26,1,0.965444
/Users/ashfaaqkt/Library/CloudStorage/OneDrive-Personal/Dev/BITS/Final Project/Bill Scanning Based Reward Intelligence System Team ARAJ/dataset/normalized/Receipt 33_tampered.jpg,receipt 33,1,0.975759
/Users/ashfaaqkt/Library/CloudStorage/OneDrive-Personal/Dev/BITS/Final Project/Bill Scanning Based Reward Intelligence System Team ARAJ/dataset/normalized/Receipt 36_tampered.jpg,receipt 36,1,0.87675
/Users/ashfaaqkt/Library/CloudStorage/OneDrive-Personal/Dev/BITS/Final Project/Bill Scanning Based Reward Intelligence System Team ARAJ/dataset/normalized/Receipt 37_tampered.jpg,receipt 37,1,0.755098
/Users/ashfaaqkt/Library/CloudStorage/OneDrive-Personal/Dev/BITS/Final Project/Bill Scanning Based Reward Intelligence System Team ARAJ/dataset/normalized/Receipt 38_tampered.jpg,receipt 38,1,0.909567
/Users/ashfaaqkt/Library/CloudStorage/OneDrive-Personal/Dev/BITS/Final Project/Bill Scanning Based Reward Intelligence System Team ARAJ/dataset/normalized/Receipt 4_tampered.jpg,receipt 4,1,0.410577
/Users/ashfaaqkt/Library/CloudStorage/OneDrive-Personal/Dev/BITS/Final Project/Bill Scanning Based Reward Intelligence System Team ARAJ/dataset/normalized/Receipt 45_tampered.jpg,receipt 45,1,0.995476
/Users/ashfaaqkt/Library/CloudStorage/OneDrive-Personal/Dev/BITS/Final Project/Bill Scanning Based Reward Intelligence System Team ARAJ/dataset/normalized/Receipt 13_tampered_v2.jpg,receipt 13,1,0.401847
/Users/ashfaaqkt/Library/CloudStorage/OneDrive-Personal/Dev/BITS/Final Project/Bill Scanning Based Reward Intelligence System Team ARAJ/dataset/normalized/Receipt 23_tampered_v2.jpg,receipt 23,1,0.907661
/Users/ashfaaqkt/Library/CloudStorage/OneDrive-Personal/Dev/BITS/Final Project/Bill Scanning Based Reward Intelligence System Team ARAJ/dataset/normalized/Receipt 28_tampered_v2.jpg,receipt 28,1,0.892722
/Users/ashfaaqkt/Library/CloudStorage/OneDrive-Personal/Dev/BITS/Final Project/Bill Scanning Based Reward Intelligence System Team ARAJ/dataset/normalized/Receipt 3_tampered_v2.jpg,receipt 3,1,0.777958
/Users/ashfaaqkt/Library/CloudStorage/OneDrive-Personal/Dev/BITS/Final Project/Bill Scanning Based Reward Intelligence System Team ARAJ/dataset/normalized/Receipt 33_tampered_v2.jpg,receipt 33,1,0.985693
/Users/ashfaaqkt/Library/CloudStorage/OneDrive-Personal/Dev/BITS/Final Project/Bill Scanning Based Reward Intelligence System Team ARAJ/dataset/normalized/Receipt 36_tampered_v2.jpg,receipt 36,1,0.59455
/Users/ashfaaqkt/Library/CloudStorage/OneDrive-Personal/Dev/BITS/Final Project/Bill Scanning Based Reward Intelligence System Team ARAJ/dataset/normalized/Receipt 46_tampered_v2.jpg,receipt 46,1,0.936018
/Users/ashfaaqkt/Library/CloudStorage/OneDrive-Personal/Dev/BITS/Final Project/Bill Scanning Based Reward Intelligence System Team ARAJ/dataset/normalized/Receipt 8_tampered_v2.jpg,receipt 8,1,0.983231
/Users/ashfaaqkt/Library/CloudStorage/OneDrive-Personal/Dev/BITS/Final Project/Bill Scanning Based Reward Intelligence System Team ARAJ/dataset/normalized/Receipt 14.jpg,receipt 14,0,0.962851
/Users/ashfaaqkt/Library/CloudStorage/OneDrive-Personal/Dev/BITS/Final Project/Bill Scanning Based Reward Intelligence System Team ARAJ/dataset/normalized/Receipt 18.jpg,receipt 18,0,0.953709
/Users/ashfaaqkt/Library/CloudStorage/OneDrive-Personal/Dev/BITS/Final Project/Bill Scanning Based Reward Intelligence System Team ARAJ/dataset/normalized/Receipt 20.jpg,receipt 20,0,0.930188
/Users/ashfaaqkt/Library/CloudStorage/OneDrive-Personal/Dev/BITS/Final Project/Bill Scanning Based Reward Intelligence System Team ARAJ/dataset/normalized/Receipt 23.jpg,receipt 23,0,0.803864
/Users/ashfaaqkt/Library/CloudStorage/OneDrive-Personal/Dev/BITS/Final Project/Bill Scanning Based Reward Intelligence System Team ARAJ/dataset/normalized/Receipt 31.jpg,receipt 31,0,0.929291
/Users/ashfaaqkt/Library/CloudStorage/OneDrive-Personal/Dev/BITS/Final Project/Bill Scanning Based Reward Intelligence System Team ARAJ/dataset/normalized/Receipt 32.jpg,receipt 32,0,0.676306
/Users/ashfaaqkt/Library/CloudStorage/OneDrive-Personal/Dev/BITS/Final Project/Bill Scanning Based Reward Intelligence System Team ARAJ/dataset/normalized/Receipt 33.jpg,receipt 33,1,0.990305
/Users/ashfaaqkt/Library/CloudStorage/OneDrive-Personal/Dev/BITS/Final Project/Bill Scanning Based Reward Intelligence System Team ARAJ/dataset/normalized/Receipt 36.jpg,receipt 36,0,0.863853
/Users/ashfaaqkt/Library/CloudStorage/OneDrive-Personal/Dev/BITS/Final Project/Bill Scanning Based Reward Intelligence System Team ARAJ/dataset/normalized/Receipt 40.jpg,receipt 40,1,0.97881
/Users/ashfaaqkt/Library/CloudStorage/OneDrive-Personal/Dev/BITS/Final Project/Bill Scanning Based Reward Intelligence System Team ARAJ/dataset/normalized/Receipt 42.jpg,receipt 42,1,0.94982
/Users/ashfaaqkt/Library/CloudStorage/OneDrive-Personal/Dev/BITS/Final Project/Bill Scanning Based Reward Intelligence System Team ARAJ/dataset/normalized/Receipt 50.jpg,receipt 50,1,0.988137
/Users/ashfaaqkt/Library/CloudStorage/OneDrive-Personal/Dev/BITS/Final Project/Bill Scanning Based Reward Intelligence System Team ARAJ/dataset/normalized/Receipt 63.jpg,receipt 63,0,0.002215
/Users/ashfaaqkt/Library/CloudStorage/OneDrive-Personal/Dev/BITS/Final Project/Bill Scanning Based Reward Intelligence System Team ARAJ/dataset/normalized/Receipt 75.jpg,receipt 75,0,0.011201
/Users/ashfaaqkt/Library/CloudStorage/OneDrive-Personal/Dev/BITS/Final Project/Bill Scanning Based Reward Intelligence System Team ARAJ/dataset/normalized/Receipt 79.jpg,receipt 79,0,0.581308
/Users/ashfaaqkt/Library/CloudStorage/OneDrive-Personal/Dev/BITS/Final Project/Bill Scanning Based Reward Intelligence System Team ARAJ/dataset/normalized/Receipt 81.jpg,receipt 81,1,0.933428
/Users/ashfaaqkt/Library/CloudStorage/OneDrive-Personal/Dev/BITS/Final Project/Bill Scanning Based Reward Intelligence System Team ARAJ/dataset/normalized/Receipt 88.jpg,receipt 88,1,0.352648
/Users/ashfaaqkt/Library/CloudStorage/OneDrive-Personal/Dev/BITS/Final Project/Bill Scanning Based Reward Intelligence System Team ARAJ/dataset/normalized/Receipt 93.jpg,receipt 93,0,0.965648
/Users/ashfaaqkt/Library/CloudStorage/OneDrive-Personal/Dev/BITS/Final Project/Bill Scanning Based Reward Intelligence System Team ARAJ/dataset/normalized/Receipt 98.jpg,receipt 98,0,0.067356
/Users/ashfaaqkt/Library/CloudStorage/OneDrive-Personal/Dev/BITS/Final Project/Bill Scanning Based Reward Intelligence System Team ARAJ/dataset/normalized/Receipt 100.jpg,receipt 100,0,0.104044
